,년도,월,count
0,2010,12,1
1,2013,12,8
2,2013,12,7
3,2013,11,7
4,2013,11,6
5,2013,12,5
6,2013,12,5
7,2013,12,4
8,2013,12,3
9,2013,12,2
10,2013,12,2
11,2013,12,1
12,2013,12,1
13,2013,12,1
14,2013,12,1
15,2013,12,1
16,2013,12,1
17,2013,12,1
18,2013,12,1
19,2013,12,1
20,2013,12,1
21,2013,12,1
22,2013,12,1
23,2013,12,1
24,2013,11,1
25,2013,11,1
26,2013,11,1
27,2013,11,1
28,2013,11,1
29,2013,11,1
30,2013,11,1
31,2013,11,1
32,2013,11,1
33,2013,12,1
34,2013,12,1
35,2013,12,1
36,2013,12,1
37,2013,3,1
38,2013,3,1
39,2013,3,1
40,2013,3,1
41,2013,12,1
42,2013,12,1
43,2013,12,1
44,2013,12,1
45,2013,12,1
46,2013,12,1
47,2013,1,1
48,2014,2,8
49,2014,12,8
50,2014,2,8
51,2014,3,8
52,2014,1,7
53,2014,3,7
54,2014,1,7
55,2014,5,6
56,2014,1,5
57,2014,1,5
58,2014,1,5
59,2014,12,5
60,2014,1,4
61,2014,1,4
62,2014,2,4
63,2014,2,4
64,2014,2,4
65,2014,1,3
66,2014,2,3
67,2014,11,1
68,2014,2,1
69,2014,2,1
70,2014,2,1
71,2014,2,1
72,2014,2,1
73,2014,12,1
74,2014,11,1
75,2014,11,1
76,2014,11,1
77,2014,11,1
78,2014,1,1
79,2014,1,1
80,2014,1,1
81,2014,1,1
82,2014,1,1
83,2014,1,1
84,2014,1,1
85,2014,1,1
86,2014,1,1
87,2014,1,1
88,2014,1,1
89,2014,1,1
90,2014,2,1
91,2014,2,1
92,2014,2,1
93,2014,2,1
94,2014,3,1
95,2014,3,1
96,2014,2,1
97,2014,2,1
98,2014,2,1
99,2014,2,1
100,2014,2,1
101,2014,2,1
102,2014,2,1
103,2014,2,1
104,2014,2,1
105,2014,2,1
106,2014,2,1
107,2014,2,1
108,2014,2,1
109,2014,2,1
110,2014,2,1
111,2014,2,1
112,2014,2,1
113,2014,2,1
114,2014,2,1
115,2014,1,1
116,2014,1,1
117,2014,3,1
118,2014,1,1
119,2014,1,1
120,2014,1,1
121,2014,1,1
122,2014,1,1
123,2014,1,1
124,2014,1,1
125,2014,1,1
126,2014,1,1
127,2014,1,1
128,2014,1,1
129,2014,1,1
130,2014,3,1
131,2014,3,1
132,2014,3,1
133,2014,8,1
134,2014,8,1
135,2014,5,1
136,2014,5,1
137,2014,4,1
138,2014,4,1
139,2014,4,1
140,2014,4,1
141,2014,4,1
142,2014,4,1
143,2014,4,1
144,2014,3,1
145,2014,3,1
146,2015,1,8
147,2015,1,7
148,2015,10,7
149,2015,2,7
150,2015,12,7
151,2015,12,7
152,2015,2,6
153,2015,2,6
154,2015,2,6
155,2015,5,6
156,2015,1,6
157,2015,11,6
158,2015,11,5
159,2015,11,5
160,2015,11,5
161,2015,10,5
162,2015,12,5
163,2015,12,4
164,2015,12,4
165,2015,10,4
166,2015,10,4
167,2015,11,4
168,2015,10,2
169,2015,12,2
170,2015,12,2
171,2015,8,2
172,2015,9,1
173,2015,8,1
174,2015,8,1
175,2015,7,1
176,2015,5,1
177,2015,5,1
178,2015,5,1
179,2015,5,1
180,2015,5,1
181,2015,5,1
182,2015,4,1
183,2015,4,1
184,2015,4,1
185,2015,3,1
186,2015,3,1
187,2015,12,1
188,2015,12,1
189,2015,12,1
190,2015,12,1
191,2015,12,1
192,2015,12,1
193,2015,12,1
194,2015,12,1
195,2015,12,1
196,2015,12,1
197,2015,12,1
198,2015,12,1
199,2015,11,1
200,2015,12,1
201,2015,12,1
202,2015,12,1
203,2015,12,1
204,2015,12,1
205,2015,12,1
206,2015,11,1
207,2015,11,1
208,2015,11,1
209,2015,11,1
210,2015,12,1
211,2015,12,1
212,2015,12,1
213,2015,12,1
214,2015,3,1
215,2015,3,1
216,2015,3,1
217,2015,3,1
218,2015,3,1
219,2015,3,1
220,2015,3,1
221,2015,3,1
222,2015,3,1
223,2015,2,1
224,2015,2,1
225,2015,2,1
226,2015,2,1
227,2015,2,1
228,2015,2,1
229,2015,2,1
230,2015,12,1
231,2015,12,1
232,2015,12,1
233,2015,12,1
234,2015,12,1
235,2015,11,1
236,2015,11,1
237,2015,10,1
238,2015,10,1
239,2015,10,1
240,2015,1,1
241,2015,1,1
242,2015,1,1
243,2015,1,1
244,2015,1,1
245,2015,1,1
246,2015,11,1
247,2015,10,1
248,2015,10,1
249,2015,10,1
250,2015,10,1
251,2015,11,1
252,2015,11,1
253,2015,11,1
254,2015,11,1
255,2015,11,1
256,2015,11,1
257,2015,11,1
258,2015,11,1
259,2015,10,1
260,2015,10,1
261,2015,10,1
262,2015,10,1
263,2015,10,1
264,2015,10,1
265,2015,10,1
266,2015,10,1
267,2015,10,1
268,2015,10,1
269,2015,10,1
270,2015,10,1
271,2015,10,1
272,2016,3,11
273,2016,11,8
274,2016,11,8
275,2016,12,7
276,2016,11,7
277,2016,10,7
278,2016,12,7
279,2016,12,7
280,2016,5,7
281,2016,3,7
282,2016,9,7
283,2016,9,6
284,2016,1,6
285,2016,11,6
286,2016,11,6
287,2016,11,6
288,2016,11,6
289,2016,11,6
290,2016,12,6
291,2016,5,5
292,2016,12,5
293,2016,5,5
294,2016,3,5
295,2016,2,5
296,2016,1,5
297,2016,9,5
298,2016,10,5
299,2016,9,5
300,2016,4,5
301,2016,10,5
302,2016,4,5
303,2016,4,5
304,2016,10,5
305,2016,5,5
306,2016,5,5
307,2016,5,4
308,2016,11,4
309,2016,5,4
310,2016,1,3
311,2016,6,3
312,2016,6,3
313,2016,1,2
314,2016,2,1
315,2016,3,1
316,2016,3,1
317,2016,3,1
318,2016,3,1
319,2016,3,1
320,2016,3,1
321,2016,3,1
322,2016,3,1
323,2016,3,1
324,2016,3,1
325,2016,2,1
326,2016,11,1
327,2016,2,1
328,2016,2,1
329,2016,12,1
330,2016,12,1
331,2016,12,1
332,2016,12,1
333,2016,12,1
334,2016,12,1
335,2016,12,1
336,2016,12,1
337,2016,3,1
338,2016,3,1
339,2016,3,1
340,2016,3,1
341,2016,4,1
342,2016,4,1
343,2016,4,1
344,2016,4,1
345,2016,4,1
346,2016,4,1
347,2016,4,1
348,2016,4,1
349,2016,4,1
350,2016,4,1
351,2016,4,1
352,2016,4,1
353,2016,4,1
354,2016,4,1
355,2016,4,1
356,2016,4,1
357,2016,4,1
358,2016,4,1
359,2016,3,1
360,2016,3,1
361,2016,3,1
362,2016,11,1
363,2016,11,1
364,2016,4,1
365,2016,1,1
366,2016,1,1
367,2016,1,1
368,2016,1,1
369,2016,1,1
370,2016,1,1
371,2016,1,1
372,2016,1,1
373,2016,1,1
374,2016,1,1
375,2016,1,1
376,2016,11,1
377,2016,1,1
378,2016,1,1
379,2016,1,1
380,2016,1,1
381,2016,11,1
382,2016,11,1
383,2016,11,1
384,2016,11,1
385,2016,11,1
386,2016,11,1
387,2016,11,1
388,2016,10,1
389,2016,10,1
390,2016,10,1
391,2016,10,1
392,2016,10,1
393,2016,10,1
394,2016,10,1
395,2016,10,1
396,2016,10,1
397,2016,10,1
398,2016,10,1
399,2016,1,1
400,2016,1,1
401,2016,1,1
402,2016,4,1
403,2016,4,1
404,2016,4,1
405,2016,5,1
406,2016,8,1
407,2016,6,1
408,2016,5,1
409,2016,5,1
410,2016,5,1
411,2016,5,1
412,2016,5,1
413,2016,5,1
414,2016,5,1
415,2016,5,1
416,2016,5,1
417,2016,5,1
418,2016,5,1
419,2016,5,1
420,2016,5,1
421,2016,5,1
422,2016,4,1
423,2016,4,1
424,2016,4,1
425,2016,4,1
426,2016,4,1
427,2016,9,1
428,2016,9,1
429,2016,9,1
430,2016,9,1
431,2016,9,1
432,2017,6,7
433,2017,5,7
434,2017,3,7
435,2017,4,7
436,2017,5,7
437,2017,2,7
438,2017,9,7
439,2017,4,6
440,2017,3,6
441,2017,2,6
442,2017,5,6
443,2017,3,6
444,2017,11,6
445,2017,5,6
446,2017,4,6
447,2017,4,6
448,2017,4,6
449,2017,4,6
450,2017,4,6
451,2017,4,6
452,2017,9,6
453,2017,1,6
454,2017,5,6
455,2017,1,6
456,2017,7,6
457,2017,1,6
458,2017,7,6
459,2017,1,6
460,2017,1,6
461,2017,1,5
462,2017,12,5
463,2017,11,5
464,2017,10,5
465,2017,10,5
466,2017,11,5
467,2017,1,5
468,2017,2,5
469,2017,9,5
470,2017,4,5
471,2017,7,5
472,2017,5,5
473,2017,9,5
474,2017,9,5
475,2017,4,5
476,2017,7,4
477,2017,7,4
478,2017,7,4
479,2017,3,4
480,2017,11,4
481,2017,5,4
482,2017,5,4
483,2017,1,4
484,2017,9,4
485,2017,5,3
486,2017,7,3
487,2017,3,3
488,2017,4,3
489,2017,9,3
490,2017,4,2
491,2017,12,1
492,2017,2,1
493,2017,2,1
494,2017,2,1
495,2017,2,1
496,2017,12,1
497,2017,12,1
498,2017,12,1
499,2017,12,1
500,2017,12,1
501,2017,12,1
502,2017,12,1
503,2017,11,1
504,2017,11,1
505,2017,11,1
506,2017,11,1
507,2017,11,1
508,2017,11,1
509,2017,11,1
510,2017,11,1
511,2017,11,1
512,2017,11,1
513,2017,11,1
514,2017,3,1
515,2017,3,1
516,2017,3,1
517,2017,3,1
518,2017,4,1
519,2017,4,1
520,2017,4,1
521,2017,4,1
522,2017,4,1
523,2017,3,1
524,2017,3,1
525,2017,3,1
526,2017,3,1
527,2017,3,1
528,2017,3,1
529,2017,3,1
530,2017,3,1
531,2017,3,1
532,2017,3,1
533,2017,3,1
534,2017,3,1
535,2017,3,1
536,2017,3,1
537,2017,3,1
538,2017,3,1
539,2017,11,1
540,2017,10,1
541,2017,10,1
542,2017,10,1
543,2017,1,1
544,2017,1,1
545,2017,1,1
546,2017,1,1
547,2017,1,1
548,2017,1,1
549,2017,1,1
550,2017,1,1
551,2017,1,1
552,2017,1,1
553,2017,1,1
554,2017,1,1
555,2017,1,1
556,2017,1,1
557,2017,1,1
558,2017,1,1
559,2017,1,1
560,2017,1,1
561,2017,1,1
562,2017,4,1
563,2017,4,1
564,2017,4,1
565,2017,4,1
566,2017,9,1
567,2017,9,1
568,2017,9,1
569,2017,9,1
570,2017,9,1
571,2017,9,1
572,2017,9,1
573,2017,9,1
574,2017,4,1
575,2017,5,1
576,2017,5,1
577,2017,5,1
578,2017,4,1
579,2017,4,1
580,2017,4,1
581,2017,4,1
582,2017,4,1
583,2017,4,1
584,2017,4,1
585,2017,4,1
586,2017,9,1
587,2017,4,1
588,2017,4,1
589,2017,4,1
590,2017,4,1
591,2017,4,1
592,2017,4,1
593,2017,4,1
594,2017,4,1
595,2017,4,1
596,2017,4,1
597,2017,5,1
598,2017,5,1
599,2017,5,1
600,2017,5,1
601,2017,9,1
602,2017,9,1
603,2017,8,1
604,2017,6,1
605,2017,6,1
606,2017,6,1
607,2017,6,1
608,2017,5,1
609,2017,5,1
610,2017,5,1
611,2017,5,1
612,2017,5,1
613,2017,5,1
614,2017,5,1
615,2017,5,1
616,2017,5,1
617,2017,5,1
618,2017,5,1
619,2017,5,1
620,2017,5,1
621,2017,5,1
622,2018,2,8
623,2018,2,7
624,2018,3,7
625,2018,2,7
626,2018,12,6
627,2018,5,6
628,2018,4,6
629,2018,5,6
630,2018,4,6
631,2018,4,6
632,2018,11,6
633,2018,1,6
634,2018,1,6
635,2018,12,6
636,2018,4,5
637,2018,4,5
638,2018,4,5
639,2018,4,5
640,2018,4,5
641,2018,12,5
642,2018,2,5
643,2018,11,5
644,2018,11,5
645,2018,3,5
646,2018,12,5
647,2018,2,5
648,2018,5,5
649,2018,5,5
650,2018,5,5
651,2018,11,4
652,2018,12,4
653,2018,1,4
654,2018,10,4
655,2018,11,4
656,2018,10,4
657,2018,11,4
658,2018,5,4
659,2018,3,4
660,2018,4,4
661,2018,12,4
662,2018,11,4
663,2018,3,3
664,2018,2,3
665,2018,11,3
666,2018,3,3
667,2018,11,3
668,2018,3,3
669,2018,3,3
670,2018,11,3
671,2018,11,3
672,2018,11,3
673,2018,4,3
674,2018,4,2
675,2018,12,2
676,2018,4,2
677,2018,6,2
678,2018,1,2
679,2018,4,1
680,2018,3,1
681,2018,4,1
682,2018,3,1
683,2018,3,1
684,2018,3,1
685,2018,3,1
686,2018,3,1
687,2018,3,1
688,2018,3,1
689,2018,3,1
690,2018,3,1
691,2018,3,1
692,2018,3,1
693,2018,3,1
694,2018,3,1
695,2018,3,1
696,2018,3,1
697,2018,3,1
698,2018,3,1
699,2018,3,1
700,2018,3,1
701,2018,3,1
702,2018,3,1
703,2018,4,1
704,2018,4,1
705,2018,4,1
706,2018,4,1
707,2018,4,1
708,2018,4,1
709,2018,4,1
710,2018,4,1
711,2018,4,1
712,2018,4,1
713,2018,4,1
714,2018,4,1
715,2018,4,1
716,2018,4,1
717,2018,4,1
718,2018,4,1
719,2018,4,1
720,2018,4,1
721,2018,4,1
722,2018,4,1
723,2018,4,1
724,2018,4,1
725,2018,4,1
726,2018,4,1
727,2018,4,1
728,2018,3,1
729,2018,3,1
730,2018,4,1
731,2018,12,1
732,2018,2,1
733,2018,2,1
734,2018,2,1
735,2018,12,1
736,2018,12,1
737,2018,12,1
738,2018,12,1
739,2018,12,1
740,2018,12,1
741,2018,12,1
742,2018,12,1
743,2018,3,1
744,2018,12,1
745,2018,12,1
746,2018,12,1
747,2018,12,1
748,2018,12,1
749,2018,12,1
750,2018,12,1
751,2018,12,1
752,2018,12,1
753,2018,12,1
754,2018,2,1
755,2018,2,1
756,2018,2,1
757,2018,2,1
758,2018,3,1
759,2018,3,1
760,2018,3,1
761,2018,3,1
762,2018,3,1
763,2018,3,1
764,2018,3,1
765,2018,3,1
766,2018,3,1
767,2018,3,1
768,2018,3,1
769,2018,3,1
770,2018,3,1
771,2018,2,1
772,2018,2,1
773,2018,2,1
774,2018,2,1
775,2018,2,1
776,2018,2,1
777,2018,2,1
778,2018,2,1
779,2018,4,1
780,2018,4,1
781,2018,4,1
782,2018,5,1
783,2018,6,1
784,2018,5,1
785,2018,5,1
786,2018,5,1
787,2018,5,1
788,2018,5,1
789,2018,5,1
790,2018,5,1
791,2018,5,1
792,2018,5,1
793,2018,5,1
794,2018,5,1
795,2018,5,1
796,2018,5,1
797,2018,5,1
798,2018,5,1
799,2018,5,1
800,2018,4,1
801,2018,4,1
802,2018,4,1
803,2018,6,1
804,2018,6,1
805,2018,6,1
806,2018,6,1
807,2018,9,1
808,2018,9,1
809,2018,7,1
810,2018,7,1
811,2018,7,1
812,2018,7,1
813,2018,6,1
814,2018,6,1
815,2018,6,1
816,2018,6,1
817,2018,6,1
818,2018,6,1
819,2018,6,1
820,2018,6,1
821,2018,6,1
822,2018,6,1
823,2018,6,1
824,2018,12,1
825,2018,12,1
826,2018,12,1
827,2018,1,1
828,2018,1,1
829,2018,1,1
830,2018,1,1
831,2018,1,1
832,2018,1,1
833,2018,1,1
834,2018,1,1
835,2018,1,1
836,2018,1,1
837,2018,1,1
838,2018,1,1
839,2018,1,1
840,2018,1,1
841,2018,1,1
842,2018,1,1
843,2018,1,1
844,2018,1,1
845,2018,1,1
846,2018,1,1
847,2018,1,1
848,2018,10,1
849,2018,10,1
850,2018,10,1
851,2018,10,1
852,2018,10,1
853,2018,10,1
854,2018,10,1
855,2018,10,1
856,2018,10,1
857,2018,1,1
858,2018,1,1
859,2018,1,1
860,2018,1,1
861,2018,1,1
862,2018,1,1
863,2018,1,1
864,2018,1,1
865,2018,1,1
866,2018,1,1
867,2018,1,1
868,2018,1,1
869,2018,12,1
870,2018,10,1
871,2018,10,1
872,2018,10,1
873,2018,11,1
874,2018,11,1
875,2018,11,1
876,2018,11,1
877,2018,11,1
878,2018,11,1
879,2018,11,1
880,2018,11,1
881,2018,11,1
882,2018,11,1
883,2018,11,1
884,2018,11,1
885,2018,10,1
886,2018,11,1
887,2018,11,1
888,2018,11,1
889,2018,11,1
890,2018,11,1
891,2018,11,1
892,2018,11,1
893,2018,11,1
894,2018,11,1
895,2018,11,1
896,2018,11,1
897,2018,11,1
898,2018,11,1
899,2018,11,1
900,2018,12,1
901,2018,12,1
902,2018,12,1
903,2018,12,1
904,2018,12,1
905,2018,12,1
906,2018,12,1
907,2018,12,1
908,2018,12,1
909,2018,12,1
910,2018,12,1
911,2018,12,1
912,2018,12,1
913,2018,12,1
914,2018,12,1
915,2018,12,1
916,2018,12,1
917,2018,11,1
918,2018,11,1
919,2018,11,1
920,2018,11,1
921,2018,11,1
922,2018,11,1
923,2018,11,1
924,2018,11,1
925,2018,11,1
926,2018,11,1
927,2018,11,1
928,2018,11,1
929,2018,11,1
930,2018,11,1
931,2018,11,1
932,2018,11,1
933,2018,11,1
934,2018,11,1
935,2018,11,1
936,2018,11,1
937,2018,11,1
938,2018,10,1
939,2018,10,1
940,2018,10,1
941,2018,10,1
942,2018,10,1
943,2018,10,1
944,2018,10,1
945,2018,10,1
946,2018,11,1
947,2018,11,1
948,2018,11,1
949,2018,11,1
950,2018,11,1
951,2018,11,1
952,2018,11,1
953,2018,11,1
954,2018,11,1
955,2018,11,1
956,2018,11,1
957,2018,11,1
958,2018,11,1
959,2018,11,1
960,2018,11,1
961,2018,11,1
962,2018,11,1
963,2018,11,1
964,2018,11,1
965,2018,11,1
966,2018,11,1
967,2018,11,1
968,2018,11,1
969,2018,11,1
970,2018,11,1
971,2019,2,6
972,2019,11,6
973,2019,10,6
974,2019,11,6
975,2019,12,5
976,2019,3,5
977,2019,12,5
978,2019,2,5
979,2019,2,5
980,2019,5,5
981,2019,5,5
982,2019,12,5
983,2019,4,4
984,2019,4,4
985,2019,11,4
986,2019,11,4
987,2019,2,4
988,2019,2,4
989,2019,1,4
990,2019,5,4
991,2019,6,4
992,2019,6,4
993,2019,1,4
994,2019,5,4
995,2019,10,4
996,2019,1,4
997,2019,1,4
998,2019,11,4
999,2019,10,4
1000,2019,5,4
1001,2019,10,4
1002,2019,3,3
1003,2019,12,3
1004,2019,11,3
1005,2019,11,3
1006,2019,10,3
1007,2019,5,3
1008,2019,1,3
1009,2019,4,3
1010,2019,2,3
1011,2019,2,3
1012,2019,2,3
1013,2019,1,3
1014,2019,4,3
1015,2019,5,3
1016,2019,5,3
1017,2019,12,3
1018,2019,4,3
1019,2019,2,3
1020,2019,3,3
1021,2019,1,3
1022,2019,1,2
1023,2019,5,2
1024,2019,2,2
1025,2019,2,2
1026,2019,1,2
1027,2019,3,2
1028,2019,1,2
1029,2019,1,2
1030,2019,3,1
1031,2019,3,1
1032,2019,3,1
1033,2019,3,1
1034,2019,3,1
1035,2019,3,1
1036,2019,3,1
1037,2019,3,1
1038,2019,3,1
1039,2019,3,1
1040,2019,3,1
1041,2019,3,1
1042,2019,3,1
1043,2019,6,1
1044,2019,6,1
1045,2019,3,1
1046,2019,3,1
1047,2019,3,1
1048,2019,6,1
1049,2019,3,1
1050,2019,3,1
1051,2019,6,1
1052,2019,6,1
1053,2019,3,1
1054,2019,3,1
1055,2019,3,1
1056,2019,3,1
1057,2019,3,1
1058,2019,6,1
1059,2019,5,1
1060,2019,4,1
1061,2019,4,1
1062,2019,5,1
1063,2019,4,1
1064,2019,4,1
1065,2019,5,1
1066,2019,5,1
1067,2019,4,1
1068,2019,5,1
1069,2019,4,1
1070,2019,3,1
1071,2019,4,1
1072,2019,5,1
1073,2019,4,1
1074,2019,5,1
1075,2019,4,1
1076,2019,5,1
1077,2019,5,1
1078,2019,5,1
1079,2019,5,1
1080,2019,4,1
1081,2019,4,1
1082,2019,4,1
1083,2019,5,1
1084,2019,5,1
1085,2019,5,1
1086,2019,5,1
1087,2019,5,1
1088,2019,5,1
1089,2019,5,1
1090,2019,4,1
1091,2019,5,1
1092,2019,5,1
1093,2019,5,1
1094,2019,5,1
1095,2019,3,1
1096,2019,3,1
1097,2019,3,1
1098,2019,5,1
1099,2019,3,1
1100,2019,3,1
1101,2019,3,1
1102,2019,3,1
1103,2019,5,1
1104,2019,5,1
1105,2019,5,1
1106,2019,5,1
1107,2019,3,1
1108,2019,3,1
1109,2019,4,1
1110,2019,3,1
1111,2019,3,1
1112,2019,3,1
1113,2019,3,1
1114,2019,3,1
1115,2019,3,1
1116,2019,3,1
1117,2019,4,1
1118,2019,4,1
1119,2019,5,1
1120,2019,5,1
1121,2019,5,1
1122,2019,4,1
1123,2019,4,1
1124,2019,4,1
1125,2019,3,1
1126,2019,3,1
1127,2019,12,1
1128,2019,12,1
1129,2019,12,1
1130,2019,12,1
1131,2019,12,1
1132,2019,12,1
1133,2019,12,1
1134,2019,12,1
1135,2019,12,1
1136,2019,12,1
1137,2019,12,1
1138,2019,12,1
1139,2019,12,1
1140,2019,12,1
1141,2019,12,1
1142,2019,12,1
1143,2019,12,1
1144,2019,12,1
1145,2019,12,1
1146,2019,12,1
1147,2019,12,1
1148,2019,12,1
1149,2019,12,1
1150,2019,12,1
1151,2019,12,1
1152,2019,12,1
1153,2019,2,1
1154,2019,2,1
1155,2019,2,1
1156,2019,2,1
1157,2019,2,1
1158,2019,2,1
1159,2019,2,1
1160,2019,2,1
1161,2019,2,1
1162,2019,2,1
1163,2019,2,1
1164,2019,2,1
1165,2019,12,1
1166,2019,12,1
1167,2019,12,1
1168,2019,12,1
1169,2019,12,1
1170,2019,12,1
1171,2019,12,1
1172,2019,12,1
1173,2019,12,1
1174,2019,12,1
1175,2019,12,1
1176,2019,12,1
1177,2019,12,1
1178,2019,12,1
1179,2019,1,1
1180,2019,10,1
1181,2019,10,1
1182,2019,10,1
1183,2019,10,1
1184,2019,1,1
1185,2019,1,1
1186,2019,1,1
1187,2019,1,1
1188,2019,1,1
1189,2019,1,1
1190,2019,1,1
1191,2019,10,1
1192,2019,1,1
1193,2019,1,1
1194,2019,1,1
1195,2019,1,1
1196,2019,1,1
1197,2019,1,1
1198,2019,1,1
1199,2019,1,1
1200,2019,1,1
1201,2019,1,1
1202,2019,10,1
1203,2019,10,1
1204,2019,12,1
1205,2019,11,1
1206,2019,12,1
1207,2019,12,1
1208,2019,12,1
1209,2019,12,1
1210,2019,11,1
1211,2019,11,1
1212,2019,11,1
1213,2019,11,1
1214,2019,11,1
1215,2019,11,1
1216,2019,11,1
1217,2019,10,1
1218,2019,11,1
1219,2019,11,1
1220,2019,11,1
1221,2019,11,1
1222,2019,11,1
1223,2019,11,1
1224,2019,11,1
1225,2019,10,1
1226,2019,10,1
1227,2019,10,1
1228,2019,2,1
1229,2019,2,1
1230,2019,2,1
1231,2019,3,1
1232,2019,3,1
1233,2019,3,1
1234,2019,3,1
1235,2019,3,1
1236,2019,3,1
1237,2019,3,1
1238,2019,3,1
1239,2019,3,1
1240,2019,3,1
1241,2019,3,1
1242,2019,3,1
1243,2019,3,1
1244,2019,3,1
1245,2019,3,1
1246,2019,3,1
1247,2019,3,1
1248,2019,3,1
1249,2019,3,1
1250,2019,3,1
1251,2019,3,1
1252,2019,3,1
1253,2019,3,1
1254,2019,3,1
1255,2019,3,1
1256,2019,3,1
1257,2019,3,1
1258,2019,3,1
1259,2019,3,1
1260,2019,3,1
1261,2019,3,1
1262,2019,3,1
1263,2019,3,1
1264,2019,3,1
1265,2019,3,1
1266,2019,3,1
1267,2019,3,1
1268,2019,3,1
1269,2019,3,1
1270,2019,3,1
1271,2019,3,1
1272,2019,3,1
1273,2019,3,1
1274,2019,3,1
1275,2019,3,1
1276,2019,3,1
1277,2019,3,1
1278,2019,3,1
1279,2019,3,1
1280,2019,3,1
1281,2019,3,1
1282,2019,2,1
1283,2019,2,1
1284,2019,2,1
1285,2019,2,1
1286,2019,2,1
1287,2019,2,1
1288,2019,2,1
1289,2019,2,1
1290,2019,2,1
1291,2019,2,1
1292,2019,2,1
1293,2019,2,1
1294,2019,2,1
1295,2019,2,1
1296,2019,2,1
1297,2019,2,1
1298,2019,2,1
1299,2019,2,1
1300,2019,2,1
1301,2019,2,1
1302,2019,2,1
1303,2019,2,1
1304,2019,2,1
1305,2019,2,1
1306,2019,2,1
1307,2019,2,1
1308,2019,2,1
1309,2019,2,1
1310,2019,2,1
1311,2019,2,1
1312,2019,2,1
1313,2019,2,1
1314,2019,2,1
1315,2019,2,1
1316,2019,2,1
1317,2019,2,1
1318,2019,2,1
1319,2019,2,1
1320,2019,2,1
1321,2019,2,1
1322,2019,2,1
1323,2019,2,1
1324,2019,2,1
1325,2019,2,1
1326,2019,2,1
1327,2019,2,1
1328,2019,2,1
1329,2019,2,1
1330,2019,2,1
1331,2019,2,1
1332,2019,3,1
1333,2019,6,1
1334,2019,6,1
1335,2019,1,1
1336,2019,8,1
1337,2019,9,1
1338,2019,8,1
1339,2019,8,1
1340,2019,8,1
1341,2019,8,1
1342,2019,7,1
1343,2019,7,1
1344,2019,7,1
1345,2019,6,1
1346,2019,6,1
1347,2019,6,1
1348,2019,6,1
1349,2019,6,1
1350,2019,1,1
1351,2019,1,1
1352,2019,1,1
1353,2019,1,1
1354,2019,1,1
1355,2019,1,1
1356,2019,1,1
1357,2019,1,1
1358,2019,1,1
1359,2019,1,1
1360,2019,1,1
1361,2019,1,1
1362,2019,1,1
1363,2019,1,1
1364,2019,1,1
1365,2019,1,1
1366,2019,1,1
1367,2019,1,1
1368,2019,1,1
1369,2019,1,1
1370,2019,1,1
1371,2019,1,1
1372,2019,1,1
1373,2019,1,1
1374,2019,1,1
1375,2019,1,1
1376,2019,1,1
1377,2019,1,1
1378,2019,1,1
1379,2019,1,1
1380,2019,1,1
1381,2019,1,1
1382,2019,1,1
1383,2019,1,1
1384,2019,1,1
1385,2019,1,1
1386,2019,1,1
1387,2019,1,1
1388,2019,1,1
1389,2019,1,1
1390,2019,1,1
1391,2019,1,1
1392,2019,1,1
1393,2019,1,1
1394,2019,1,1
1395,2019,1,1
1396,2019,1,1
1397,2019,1,1
1398,2019,1,1
1399,2019,1,1
1400,2019,1,1
1401,2019,1,1
1402,2019,1,1
1403,2019,1,1
1404,2019,1,1
1405,2019,1,1
1406,2019,1,1
1407,2019,1,1
1408,2020,3,7
1409,2020,12,6
1410,2020,12,6
1411,2020,2,5
1412,2020,1,5
1413,2020,1,5
1414,2020,12,5
1415,2020,1,5
1416,2020,2,4
1417,2020,10,4
1418,2020,11,4
1419,2020,1,4
1420,2020,2,4
1421,2020,1,4
1422,2020,1,4
1423,2020,11,3
1424,2020,11,3
1425,2020,2,3
1426,2020,11,3
1427,2020,1,3
1428,2020,11,2
1429,2020,11,2
1430,2020,2,2
1431,2020,1,2
1432,2020,4,2
1433,2020,1,2
1434,2020,3,2
1435,2020,1,1
1436,2020,9,1
1437,2020,9,1
1438,2020,8,1
1439,2020,6,1
1440,2020,5,1
1441,2020,5,1
1442,2020,11,1
1443,2020,11,1
1444,2020,11,1
1445,2020,10,1
1446,2020,10,1
1447,2020,10,1
1448,2020,10,1
1449,2020,10,1
1450,2020,10,1
1451,2020,10,1
1452,2020,10,1
1453,2020,10,1
1454,2020,10,1
1455,2020,10,1
1456,2020,10,1
1457,2020,10,1
1458,2020,10,1
1459,2020,10,1
1460,2020,10,1
1461,2020,10,1
1462,2020,10,1
1463,2020,10,1
1464,2020,10,1
1465,2020,11,1
1466,2020,11,1
1467,2020,11,1
1468,2020,11,1
1469,2020,11,1
1470,2020,11,1
1471,2020,11,1
1472,2020,11,1
1473,2020,11,1
1474,2020,11,1
1475,2020,11,1
1476,2020,11,1
1477,2020,11,1
1478,2020,11,1
1479,2020,11,1
1480,2020,11,1
1481,2020,11,1
1482,2020,11,1
1483,2020,11,1
1484,2020,11,1
1485,2020,11,1
1486,2020,11,1
1487,2020,11,1
1488,2020,11,1
1489,2020,11,1
1490,2020,11,1
1491,2020,1,1
1492,2020,1,1
1493,2020,1,1
1494,2020,1,1
1495,2020,1,1
1496,2020,1,1
1497,2020,1,1
1498,2020,1,1
1499,2020,1,1
1500,2020,1,1
1501,2020,1,1
1502,2020,1,1
1503,2020,1,1
1504,2020,1,1
1505,2020,1,1
1506,2020,1,1
1507,2020,1,1
1508,2020,1,1
1509,2020,1,1
1510,2020,1,1
1511,2020,1,1
1512,2020,1,1
1513,2020,1,1
1514,2020,1,1
1515,2020,1,1
1516,2020,1,1
1517,2020,1,1
1518,2020,1,1
1519,2020,1,1
1520,2020,1,1
1521,2020,1,1
1522,2020,1,1
1523,2020,1,1
1524,2020,1,1
1525,2020,1,1
1526,2020,1,1
1527,2020,1,1
1528,2020,12,1
1529,2020,12,1
1530,2020,12,1
1531,2020,3,1
1532,2020,3,1
1533,2020,3,1
1534,2020,3,1
1535,2020,3,1
1536,2020,3,1
1537,2020,3,1
1538,2020,3,1
1539,2020,3,1
1540,2020,3,1
1541,2020,3,1
1542,2020,3,1
1543,2020,3,1
1544,2020,3,1
1545,2020,3,1
1546,2020,3,1
1547,2020,2,1
1548,2020,2,1
1549,2020,2,1
1550,2020,2,1
1551,2020,2,1
1552,2020,2,1
1553,2020,2,1
1554,2020,3,1
1555,2020,4,1
1556,2020,2,1
1557,2020,5,1
1558,2020,5,1
1559,2020,5,1
1560,2020,5,1
1561,2020,5,1
1562,2020,5,1
1563,2020,5,1
1564,2020,5,1
1565,2020,5,1
1566,2020,5,1
1567,2020,5,1
1568,2020,5,1
1569,2020,4,1
1570,2020,4,1
1571,2020,4,1
1572,2020,4,1
1573,2020,4,1
1574,2020,4,1
1575,2020,4,1
1576,2020,4,1
1577,2020,4,1
1578,2020,4,1
1579,2020,4,1
1580,2020,2,1
1581,2020,2,1
1582,2020,12,1
1583,2020,12,1
1584,2020,12,1
1585,2020,12,1
1586,2020,12,1
1587,2020,12,1
1588,2020,12,1
1589,2020,12,1
1590,2020,12,1
1591,2020,12,1
1592,2020,12,1
1593,2020,12,1
1594,2020,12,1
1595,2020,12,1
1596,2020,12,1
1597,2020,12,1
1598,2020,12,1
1599,2020,12,1
1600,2020,12,1
1601,2020,12,1
1602,2020,12,1
1603,2020,12,1
1604,2020,12,1
1605,2020,12,1
1606,2020,12,1
1607,2020,12,1
1608,2020,2,1
1609,2020,2,1
1610,2020,2,1
1611,2020,2,1
1612,2020,2,1
1613,2020,2,1
1614,2020,2,1
1615,2020,2,1
1616,2020,2,1
1617,2020,2,1
1618,2020,2,1
1619,2020,2,1
1620,2020,2,1
1621,2020,12,1
1622,2020,2,1
1623,2020,2,1
1624,2020,2,1
1625,2020,2,1
1626,2020,2,1
1627,2020,2,1
1628,2020,2,1
1629,2020,2,1
1630,2020,2,1
1631,2020,12,1
1632,2021,12,6
1633,2021,2,4
1634,2021,3,4
1635,2021,4,4
1636,2021,2,4
1637,2021,2,3
1638,2021,12,3
1639,2021,12,3
1640,2021,2,2
1641,2021,2,2
1642,2021,12,2
1643,2021,2,1
1644,2021,12,1
1645,2021,12,1
1646,2021,12,1
1647,2021,12,1
1648,2021,12,1
1649,2021,12,1
1650,2021,12,1
1651,2021,12,1
1652,2021,12,1
1653,2021,12,1
1654,2021,12,1
1655,2021,12,1
1656,2021,12,1
1657,2021,12,1
1658,2021,12,1
1659,2021,12,1
1660,2021,12,1
1661,2021,12,1
1662,2021,12,1
1663,2021,12,1
1664,2021,12,1
1665,2021,11,1
1666,2021,11,1
1667,2021,12,1
1668,2021,12,1
1669,2021,12,1
1670,2021,2,1
1671,2021,2,1
1672,2021,2,1
1673,2021,2,1
1674,2021,2,1
1675,2021,2,1
1676,2021,2,1
1677,2021,2,1
1678,2021,2,1
1679,2021,2,1
1680,2021,2,1
1681,2021,2,1
1682,2021,12,1
1683,2021,2,1
1684,2021,2,1
1685,2021,2,1
1686,2021,12,1
1687,2021,12,1
1688,2021,12,1
1689,2021,12,1
1690,2021,12,1
1691,2021,12,1
1692,2021,12,1
1693,2021,11,1
1694,2021,11,1
1695,2021,11,1
1696,2021,1,1
1697,2021,10,1
1698,2021,10,1
1699,2021,1,1
1700,2021,1,1
1701,2021,1,1
1702,2021,1,1
1703,2021,1,1
1704,2021,1,1
1705,2021,1,1
1706,2021,1,1
1707,2021,1,1
1708,2021,10,1
1709,2021,1,1
1710,2021,1,1
1711,2021,1,1
1712,2021,1,1
1713,2021,1,1
1714,2021,1,1
1715,2021,1,1
1716,2021,1,1
1717,2021,10,1
1718,2021,10,1
1719,2021,11,1
1720,2021,11,1
1721,2021,11,1
1722,2021,11,1
1723,2021,11,1
1724,2021,11,1
1725,2021,11,1
1726,2021,11,1
1727,2021,11,1
1728,2021,11,1
1729,2021,11,1
1730,2021,11,1
1731,2021,11,1
1732,2021,11,1
1733,2021,11,1
1734,2021,11,1
1735,2021,11,1
1736,2021,11,1
1737,2021,11,1
1738,2021,11,1
1739,2021,11,1
1740,2021,11,1
1741,2021,11,1
1742,2021,11,1
1743,2021,2,1
1744,2021,2,1
1745,2021,2,1
1746,2021,4,1
1747,2021,4,1
1748,2021,4,1
1749,2021,4,1
1750,2021,4,1
1751,2021,4,1
1752,2021,4,1
1753,2021,4,1
1754,2021,4,1
1755,2021,4,1
1756,2021,4,1
1757,2021,4,1
1758,2021,4,1
1759,2021,4,1
1760,2021,4,1
1761,2021,4,1
1762,2021,4,1
1763,2021,4,1
1764,2021,4,1
1765,2021,4,1
1766,2021,4,1
1767,2021,3,1
1768,2021,3,1
1769,2021,4,1
1770,2021,4,1
1771,2021,4,1
1772,2021,5,1
1773,2021,6,1
1774,2021,6,1
1775,2021,6,1
1776,2021,5,1
1777,2021,5,1
1778,2021,5,1
1779,2021,5,1
1780,2021,5,1
1781,2021,5,1
1782,2021,5,1
1783,2021,5,1
1784,2021,4,1
1785,2021,5,1
1786,2021,5,1
1787,2021,5,1
1788,2021,5,1
1789,2021,5,1
1790,2021,5,1
1791,2021,5,1
1792,2021,5,1
1793,2021,5,1
1794,2021,5,1
1795,2021,3,1
1796,2021,3,1
1797,2021,3,1
1798,2021,3,1
1799,2021,3,1
1800,2021,3,1
1801,2021,3,1
1802,2021,3,1
1803,2021,3,1
1804,2021,3,1
1805,2021,3,1
1806,2021,3,1
1807,2021,3,1
1808,2021,3,1
1809,2021,3,1
1810,2021,3,1
1811,2021,3,1
1812,2021,3,1
1813,2021,3,1
1814,2021,3,1
1815,2021,3,1
1816,2021,3,1
1817,2021,3,1
1818,2021,3,1
1819,2021,3,1
1820,2021,2,1
1821,2021,3,1
1822,2021,3,1
1823,2021,3,1
1824,2021,3,1
1825,2021,3,1
1826,2021,3,1
1827,2021,3,1
1828,2021,3,1
1829,2021,3,1
1830,2021,3,1
1831,2021,3,1
1832,2021,3,1
1833,2021,3,1
1834,2021,3,1
1835,2021,3,1
1836,2021,3,1
1837,2021,3,1
1838,2021,3,1
1839,2021,3,1
1840,2021,3,1
1841,2021,3,1
1842,2021,3,1
1843,2021,3,1
1844,2021,3,1
1845,2021,3,1
1846,2021,3,1
1847,2021,9,1
